iteration,train_rmse,test_rmse,gap
1,0.310074415688535,0.3150277349349277,0.004953319246392696
2,0.30793271291942115,0.31277968710274484,0.0048469741833236935
3,0.3060073945629303,0.310548152050809,0.004540757487878688
4,0.30417760650983783,0.30864962705945775,0.004472020549619926
5,0.30250993471117804,0.3067527521814183,0.0042428174702402455
6,0.30090404282394234,0.3051318351482523,0.004227792324309976
7,0.2994767967016597,0.3035785567046279,0.004101760002968191
8,0.2980749486058316,0.3021961544585502,0.004121205852718579
9,0.29679342115983404,0.30079690862232106,0.004003487462487021
10,0.29562262248267795,0.2995972799136858,0.003974657431007833
11,0.29447703911758794,0.2983480502692303,0.003871011151642345
12,0.29341964558616557,0.29724401514792764,0.0038243695617620754
13,0.2924136857955863,0.2963808956982134,0.003967209902627111
14,0.29147676980788284,0.295500094022987,0.0040233242151041515
15,0.29054426345866724,0.2946687620547588,0.0041244985960915415
16,0.28971746989051533,0.29392529510280013,0.004207825212284799
17,0.2888587984162286,0.293059399886927,0.004200601470698395
18,0.2880906955824242,0.2923524545818831,0.004261758999458853
19,0.28742004849564656,0.291907139625891,0.004487091130244425
20,0.2867199756249154,0.29124278805292775,0.004522812428012335
21,0.2860106777414823,0.29069451287807296,0.004683835136590653
22,0.2853753311691782,0.2901863546521607,0.004811023482982513
23,0.28474735344703567,0.28966688996220125,0.004919536515165579
24,0.2841817159067159,0.28928875583917935,0.00510703993246342
25,0.28360689884539114,0.288970627549708,0.005363728704316839
26,0.2830777895120171,0.2886178626720093,0.005540073159992165
27,0.28255776788538073,0.2882542194441031,0.005696451558722393
28,0.28203561446720365,0.28789548346421184,0.0058598689970081885
29,0.2815035716138434,0.28755766097926094,0.00605408936541757
30,0.28104399839364724,0.2873362887457079,0.006292290352060637
31,0.28056331882181723,0.28691540161208734,0.006352082790270108
32,0.2801319921064204,0.2866535689452396,0.006521576838819154
33,0.27971906998815466,0.2864036258313283,0.006684555843173623
34,0.2792843669749474,0.28618772900826406,0.006903362033316651
35,0.27885652079345574,0.28589503207528916,0.007038511281833415
36,0.2784239047501959,0.28568964639581684,0.007265741645620938
37,0.27803940119191123,0.2855015749225024,0.0074621737305911595
38,0.2776445164688892,0.285345200106758,0.007700683637868799
39,0.2772851032662413,0.2850999390095098,0.007814835743268522
40,0.27690064162060535,0.28498513212250204,0.00808449050189669
41,0.2764845362970009,0.28481530064680266,0.008330764349801734
42,0.27610688366136094,0.28466864876024317,0.008561765098882235
43,0.2757137596571823,0.28460726060101865,0.008893500943836341
44,0.2753291505121027,0.28457681560039777,0.009247665088295054
45,0.2749615874701399,0.2845668338768987,0.009605246406758805
46,0.27462908317137263,0.2844814423324846,0.00985235916111199
47,0.27427395884338857,0.28433919934170115,0.010065240498312589
48,0.2739412534206499,0.2842146659355735,0.010273412514923586
49,0.2736070171354618,0.2840945641474986,0.010487547012036802
50,0.2733070437948855,0.2840758888962616,0.010768845101376101
51,0.27298610954110064,0.2839646776128066,0.01097856807170594
52,0.2725888835598101,0.2837022684959008,0.011113384936090709
53,0.2722448908882509,0.2835453032183555,0.011300412330104648
54,0.2719470014186221,0.2834825675107933,0.011535566092171212
55,0.27160952412072786,0.2834562263138046,0.011846702193076764
56,0.27122834189551254,0.28312779480938866,0.011899452913876118
57,0.2709407036635061,0.2830767564522225,0.012136052788716434
58,0.27063763762701604,0.28295067689558273,0.012313039268566695
59,0.2702391306307702,0.2827656508469367,0.012526520216166515
60,0.26987319419318384,0.2826406348815498,0.012767440688365939
61,0.26956601785895246,0.2825942658915691,0.013028248032616652
62,0.26929801691870053,0.2825286066303612,0.01323058971166069
63,0.2690231400131823,0.28246397846805066,0.013440838454868376
64,0.26869371279118714,0.28232705379073064,0.013633340999543497
65,0.26840270385169895,0.28227576557564954,0.013873061723950586
66,0.26815148343619905,0.2822448892172186,0.01409340578101953
67,0.2677665539647355,0.2821527817196183,0.014386227754882797
68,0.267465285551634,0.28214125769119525,0.014675972139561233
69,0.26715455633590546,0.2820200197533953,0.014865463417489844
70,0.26687317910655695,0.28209593745033457,0.01522275834377762
71,0.26649336902051624,0.2821309912102808,0.015637622189764555
72,0.2662369830914801,0.282151725384928,0.015914742293447914
73,0.2659470593935524,0.282131041227949,0.01618398183439662
74,0.26565945897860044,0.2821052611999633,0.016445802221362882
75,0.26540362577874,0.2819967329819784,0.016593107203238422
76,0.26512769592977764,0.28190645394812275,0.016778758018345108
77,0.2649056828636992,0.28197684742545465,0.017071164561755447
78,0.26468069069258043,0.28190193039794426,0.017221239705363822
79,0.26441960762850203,0.2818476591754905,0.017428051546988454
80,0.2641522822811583,0.28174669676713926,0.01759441448598098
81,0.2639104381564224,0.2817227127525649,0.017812274596142486
82,0.26363260675214634,0.281553271126119,0.01792066437397266
83,0.26338371035567465,0.2814642353843187,0.018080525028644046
84,0.2631566758507324,0.28141705574310416,0.01826037989237178
85,0.26292030075641254,0.28140746465079525,0.018487163894382708
86,0.26266198076134945,0.28139497220199117,0.018732991440641722
87,0.26246173903145237,0.28141913136391494,0.018957392332462575
88,0.26219551869295044,0.28141359774374547,0.019218079050795034
89,0.26186589949166356,0.2814122130239043,0.019546313532240733
90,0.26163252710402896,0.2814642887117802,0.01983176160775124
91,0.2613792522566526,0.28135704106766685,0.019977788811014252
92,0.261176941923435,0.28142389060635054,0.020246948682915544
93,0.2609189606183433,0.2814193137134661,0.020500353095122825
94,0.2606551128392803,0.28141151179303364,0.020756398953753363
95,0.2603600877730713,0.2814337629200345,0.021073675146963233
96,0.26016766575593625,0.28137051913982003,0.02120285338388378
97,0.25990061249483526,0.281316942766559,0.021416330271723738
98,0.2596888237400613,0.2813296040568902,0.021640780316828923
99,0.2595096686360674,0.2813547800758868,0.02184511143981943
100,0.25925753025457754,0.28132841210791304,0.0220708818533355
101,0.25895482414691845,0.28129008175226283,0.022335257605344383
102,0.2587423366958318,0.2812448195392138,0.02250248284338202
103,0.2584854665236953,0.28125028598178603,0.022764819458090724
104,0.2582299397142411,0.2812339475252399,0.023004007810998817
105,0.258021724750631,0.2812859918500893,0.02326426709945828
106,0.2578087913375313,0.28132584589211534,0.023517054554584027
107,0.2575825890604843,0.28128556989331366,0.023702980832829346
108,0.257351512310666,0.28132404759379753,0.023972535283131535
109,0.2570692515209519,0.2812724262147199,0.02420317469376798
110,0.25688176656501654,0.2812699366892277,0.024388170124211128
111,0.2567040530734707,0.28126942785218906,0.02456537477871834
112,0.25649657218140737,0.28124985550161563,0.024753283320208264
113,0.2562562122742914,0.2811629210139758,0.02490670873968437
114,0.2560289784631004,0.28125358760336694,0.02522460914026653
115,0.25581570894853,0.2811803519533359,0.025364643004805898
116,0.25558709070736435,0.28121253413127073,0.02562544342390638
117,0.2553835321986045,0.2813979282023169,0.026014396003712414
118,0.25513457550813307,0.28132330118800686,0.026188725679873792
119,0.254899305151853,0.28136245140872485,0.02646314625687185
120,0.25467500309817065,0.28137017702379513,0.026695173925624482
121,0.2544785833134679,0.28135378505143194,0.02687520173796404
122,0.2543112291460728,0.28141297049023695,0.027101741344164154
123,0.2540810207287905,0.2814505457856788,0.027369525056888278
124,0.25389639112363815,0.2814524944074092,0.02755610328377106
125,0.253694729982614,0.28145219023890744,0.027757460256293442
126,0.25353049064916644,0.28136818959493853,0.027837698945772094
127,0.2533032213800656,0.2813445333331599,0.028041311953094283
128,0.2531125272921547,0.2813127358413452,0.028200208549190475
129,0.25287561508561057,0.2812650371930814,0.028389422107470808
130,0.25270313645084896,0.2812912847382156,0.02858814828736661
131,0.2525151987370824,0.2813090046278964,0.028793805890813984
132,0.2523279484810901,0.28126306985030985,0.028935121369219774
133,0.2521151316053336,0.2813120049015906,0.029196873296256975
134,0.2518717435131098,0.2813038554787599,0.0294321119656501
135,0.25166699240659535,0.2812975859446728,0.029630593538077454
136,0.25151456100027103,0.28129617131297613,0.029781610312705098
137,0.2513524805141875,0.28127519003197754,0.029922709517790025
138,0.2511979853872236,0.28127472284808774,0.030076737460864145
139,0.25104077109429723,0.28132703862795316,0.03028626753365593
140,0.25084750912703097,0.2813086207585847,0.03046111163155374
141,0.25067687589635673,0.28129316869609067,0.030616292799733935
142,0.2504485799377302,0.28124821810900186,0.03079963817127168
143,0.2502701649168989,0.28123872705714414,0.030968562140245237
144,0.2501179619050575,0.28121802042237115,0.031100058517313678
145,0.24992231431153872,0.2812271000776155,0.03130478576607676
146,0.24969392781570007,0.2812906834136041,0.03159675559790401
147,0.2495102187445311,0.28124102897424114,0.03173081022971003
148,0.24927552963880062,0.2812990153405292,0.03202348570172858
149,0.24906093405833493,0.28139454438267814,0.032333610324343204
150,0.2489027168251139,0.28139234492854776,0.032489628103433865
151,0.24870142331655462,0.2813926431035899,0.03269121978703529
152,0.24853092397631085,0.2813734871266008,0.032842563150289966
153,0.24838026694567306,0.281354787657164,0.03297452071149093
154,0.24820747960291734,0.281316438076996,0.03310895847407869
155,0.24800135634240036,0.28134835568353866,0.0333469993411383
156,0.2478310590933309,0.2813454597939281,0.03351440070059722
157,0.24766320621289756,0.28127663174871587,0.03361342553581831
158,0.24744724338347257,0.28126765113637464,0.03382040775290207
159,0.24724678975179473,0.281260569861431,0.034013780109636266
160,0.2470537917665702,0.2813164439412074,0.034262652174637226
161,0.2468443198486477,0.2813216181681903,0.034477298319542604
162,0.2466025892923122,0.28131367299462756,0.03471108370231535
163,0.24639257303058568,0.2812916230641143,0.03489905003352864
164,0.2462342639856475,0.2813333075716031,0.035099043585955586
165,0.24608476556393152,0.28134182414595693,0.03525705858202541
166,0.2458643478425727,0.28135446458736957,0.03549011674479688
167,0.24568989523531373,0.28134381087874777,0.035653915643434037
168,0.24553667836447043,0.2813419838940597,0.03580530552958924
169,0.2453884535210202,0.281372499623296,0.03598404610227582
170,0.24519996185132223,0.2813457485544551,0.03614578670313287
171,0.24503241752002242,0.2813101600708405,0.03627774255081806
172,0.24487406232094006,0.2812499068079333,0.03637584448699327
173,0.24466568552199883,0.2812743973502624,0.03660871182826356
174,0.2445278254260355,0.28115181661851085,0.036623991192475364
175,0.2443481116788947,0.2811600413577235,0.03681192967882879
176,0.24418024344289488,0.28116100932011473,0.03698076587721985
177,0.24399190803758308,0.2811584818726204,0.0371665738350373
178,0.24382285526964495,0.28121728347538144,0.03739442820573649
179,0.24368325066105734,0.28119771094016344,0.0375144602791061
180,0.24346721692368,0.28130749032014857,0.03784027339646856
181,0.2433163142363221,0.2813125368412857,0.0379962226049636
182,0.24316191267392454,0.2813730808709681,0.03821116819704354
183,0.24296788848131853,0.2813270749743923,0.038359186493073766
184,0.24279580738077433,0.2813014347225714,0.03850562734179708
185,0.2426069837673088,0.2813544442200038,0.038747460452694976
186,0.24244580592438741,0.28138174523438453,0.038935939309997114
187,0.242262847489645,0.2814168351271935,0.039153987637548515
188,0.24207533213943355,0.28144715416787947,0.03937182202844591
189,0.24190296253381052,0.28149176312971136,0.039588800595900836
190,0.24175875536562041,0.28148167381286315,0.03972291844724274
191,0.2416034061065376,0.28142250832023996,0.039819102213702356
192,0.2413818897796474,0.2813789399522474,0.039997050172599996
193,0.24125336066798175,0.2813193289255844,0.04006596825760267
194,0.24107402167734324,0.28134155952783246,0.04026753785048923
195,0.24087964594006767,0.281360904540796,0.04048125860072832
196,0.24074586393347108,0.281350906580313,0.04060504264684189
197,0.24058577006874834,0.2813390913256612,0.04075332125691286
198,0.24038244944177997,0.2813543555742819,0.04097190613250193
199,0.24019511857598186,0.28141088045572005,0.04121576187973819
200,0.24002804578976183,0.2814280330360103,0.04139998724624849
201,0.23982285195615416,0.28150090866637983,0.041678056710225675
202,0.23963231838454416,0.2815142608783535,0.04188194249380936
203,0.23948408433654197,0.2815453673904799,0.04206128305393794
204,0.2393151503240614,0.28159588895214055,0.042280738628079156
205,0.2391547994353562,0.28152355710452287,0.04236875766916667
206,0.2390041529280265,0.2815177680970344,0.042513615169007896
207,0.2388199548400681,0.28155142751553264,0.04273147267546454
208,0.23867364483937792,0.2816001055179198,0.04292646067854189
209,0.23849622210267368,0.28163927532382993,0.04314305322115625
210,0.23836196712068342,0.28162148050812275,0.04325951338743933
211,0.23823656510099178,0.28162149362823397,0.043384928527242184
212,0.23811363832332338,0.28162274297608697,0.043509104652763586
213,0.2378680782213256,0.2816005652522377,0.04373248703091209
214,0.23772103016412324,0.28162904605452466,0.043908015890401414
215,0.2375639287397668,0.28159845629740643,0.04403452755763962
216,0.23735344412812814,0.2816943278452748,0.04434088371714667
217,0.23715102424254317,0.2817231024523869,0.04457207820984374
218,0.23696102020929757,0.281750372825606,0.044789352616308425
219,0.23678454338590266,0.28183966875117267,0.04505512536527001
220,0.23665498971271945,0.2818278704872783,0.04517288077455886
221,0.23646094226828307,0.28186750874640026,0.045406566478117194
222,0.23630399812995675,0.2818669784747345,0.045562980344777765
223,0.2361107788516666,0.28186840716036754,0.04575762830870095
224,0.23592789870155267,0.28182771735411255,0.045899818652559876
225,0.23574436831420398,0.2818464119556417,0.04610204364143772
226,0.2355973822089517,0.28183595992884797,0.04623857771989626
227,0.23541342859643008,0.28186609743616375,0.046452668839733674
228,0.2352101559858552,0.28191887470176635,0.046708718715911146
229,0.23505663582468053,0.2819201281621979,0.04686349233751738
230,0.23488906171484644,0.2819282048104821,0.047039143095635644
231,0.23476543987604492,0.281939079901702,0.047173640025657104
232,0.23457141773894105,0.28188912864269466,0.04731771090375361
233,0.2344163586408765,0.28186203426479073,0.04744567562391422
234,0.23428972052740357,0.2818650506003019,0.04757533007289835
235,0.23412471642495883,0.2818341451836471,0.04770942875868825
236,0.23397016037594565,0.28181236843454766,0.04784220805860201
237,0.23380418676965833,0.2818176593047754,0.04801347253511709
238,0.23361847976623012,0.2818407568754132,0.04822227710918309
239,0.23348058408021738,0.2818929199680121,0.0484123358877947
240,0.23332011308208891,0.2819586950304479,0.04863858194835899
241,0.2330925311577977,0.28197566541702596,0.048883134259228245
242,0.23296092599969062,0.28198905522318096,0.04902812922349034
243,0.23281516621470777,0.2819738481875321,0.0491586819728243
244,0.23266763565340956,0.2819589999858754,0.049291364332465865
245,0.23249394040834712,0.28198730673929207,0.04949336633094495
246,0.23228426276819594,0.2819778113307089,0.049693548562512985
247,0.23216996379863702,0.28198932167706603,0.049819357878429005
248,0.23203351457352317,0.2819727448016198,0.049939230228096654
249,0.231822499032256,0.28203576552200266,0.050213266489746666
250,0.23166748654473102,0.2819778542105591,0.05031036766582808
251,0.2315181887203285,0.28195717689270294,0.05043898817237444
252,0.23134086214502703,0.28191442829958463,0.0505735661545576
253,0.23121467267993712,0.28192724892220394,0.05071257624226683
254,0.23102338114915133,0.2819455663791775,0.050922185230026173
255,0.23085162496456899,0.2819608898569837,0.05110926489241471
256,0.23074258304753925,0.28198251079425224,0.05123992774671299
257,0.2305595311759638,0.28208083168817855,0.051521300512214735
258,0.23042875546638605,0.2820761008670667,0.05164734540068064
259,0.2302497591760952,0.28212320763930593,0.051873448463210736
260,0.23012136434532518,0.28213907909319175,0.05201771474786657
261,0.22996705123945854,0.28213532550256887,0.052168274263110326
262,0.22980090295552102,0.2820319840877103,0.05223108113218927
263,0.22960959296467784,0.28202585708499467,0.05241626412031683
264,0.22951555969071122,0.28203534533805785,0.052519785647346634
265,0.22931061634340155,0.28200979070310983,0.05269917435970828
266,0.2291577280185881,0.28201260760089425,0.05285487958230614
267,0.2289904574609271,0.2820612325246335,0.05307077506370639
268,0.22882109616998855,0.2820366774640824,0.053215581294093844
269,0.22862565431381315,0.2820838002922177,0.053458145978404537
270,0.22845118465744033,0.28208845127523813,0.0536372666177978
271,0.22832462561763966,0.28203371653102055,0.053709090913380886
272,0.2281401856379648,0.2820249352649193,0.0538847496269545
273,0.22797858244753225,0.28200672134256777,0.05402813889503552
274,0.2277941843001883,0.28198140891728757,0.05418722461709927
275,0.22759777650186658,0.28200615640637744,0.05440837990451086
276,0.22746429388844042,0.28200340676019947,0.054539112871759055
277,0.22727330885548486,0.2819960788635962,0.05472277000811132
278,0.22714129076701717,0.2820005000865507,0.05485920931953353
279,0.22696964263139488,0.282042345845551,0.05507270321415611
280,0.22686939621080138,0.28205999906259377,0.05519060285179239
281,0.22670534513525065,0.2821155844986782,0.05541023936342754
282,0.22656672967049218,0.28210180030239135,0.055535070631899164
283,0.2264297935388483,0.2821404413067327,0.055710647767884425
284,0.22627734562867788,0.2821382630783156,0.0558609174496377
285,0.22610609402762863,0.2821134370078295,0.05600734298020085
286,0.22593374532717567,0.28211423808528074,0.05618049275810508
287,0.22580192580317812,0.2821116810954727,0.05630975529229457
288,0.22559106185043953,0.2821185101888913,0.05652744833845175
289,0.22542867833530575,0.2821782081555694,0.05674952982026363
290,0.22525999123693877,0.2821838814936355,0.056923890256696724
291,0.22507536766999944,0.2822480554830363,0.05717268781303683
292,0.22496204050477034,0.2822741722167383,0.057312131711967945
293,0.22475359394556996,0.28225267758858885,0.057499083643018895
294,0.22461587432722827,0.28229494924670784,0.05767907491947957
295,0.22448027721143024,0.28229979782323356,0.057819520611803316
296,0.22435177727017142,0.2823778450808391,0.05802606781066766
297,0.22421724274405944,0.28238523716003777,0.058167994415978336
298,0.22406041696132112,0.2823588371867581,0.058298420225436964
299,0.22388611528526298,0.28234161467328367,0.05845549938802069
300,0.2237466482349726,0.2823757087547897,0.05862906051981709
301,0.2235986626663839,0.2823659517244527,0.05876728905806883
302,0.2234241734722379,0.28242394992871006,0.05899977645647217
303,0.2232814964983611,0.28242739125714356,0.05914589475878246
304,0.22310678373528753,0.28242996509104057,0.05932318135575304
305,0.2229550137522915,0.2824584234280041,0.059503409675712604
306,0.2228292323954032,0.2824272784884984,0.059598046093095214
307,0.222690362515029,0.2824692568859938,0.059778894370964786
308,0.22253850906455902,0.2824803926627835,0.0599418835982245
309,0.22236383744005223,0.2824917450014391,0.06012790756138686
310,0.22220362128366408,0.28249112772360396,0.06028750643993988
311,0.22201560461550932,0.28249266095103154,0.06047705633552222
312,0.22185334263655637,0.2825364403548929,0.06068309771833652
313,0.22174761723189607,0.282572074421296,0.06082445718939994
314,0.2216130767265789,0.282596411466811,0.060983334740232126
315,0.22145453619786068,0.2825899782954161,0.06113544209755542
316,0.22126261669092606,0.28260615659884636,0.0613435399079203
317,0.2211099131471089,0.2826198524718688,0.06150993932475993
318,0.22093975908187427,0.28263437422863735,0.06169461514676308
319,0.22076950120895428,0.28263161880402,0.06186211759506571
320,0.22061462736726,0.28259389507413285,0.06197926770687284
321,0.22045414762170074,0.2825766156094737,0.06212246798777299
322,0.2203129345028644,0.28252314352473623,0.062210209021871826
323,0.22015591110109034,0.2825652383686394,0.06240932726754905
324,0.21999591450778788,0.28263095749565487,0.06263504298786698
325,0.21983992205164302,0.2825875099221283,0.06274758787048526
326,0.21972434190515705,0.28259820471509484,0.06287386280993779
327,0.2195731667748394,0.28269315526908684,0.06311998849424744
328,0.21940978639055495,0.28260152420408213,0.06319173781352719
329,0.2193033846986275,0.2826024084201309,0.0632990237215034
330,0.21919634430257373,0.28259318373118164,0.06339683942860791
331,0.21905247924756646,0.282586352594454,0.06353387334688756
332,0.2188963383770574,0.28263567115654026,0.06373933277948285
333,0.21871085683198335,0.28267917174193574,0.06396831490995239
334,0.2185305586484618,0.2826677161307881,0.06413715748232632
335,0.21844142767891203,0.2826613792484028,0.06421995156949076
336,0.2182964378431838,0.2826643825828398,0.06436794473965601
337,0.2181735176744581,0.28267261855626763,0.06449910088180952
338,0.21801191201902964,0.28268003654152474,0.0646681245224951
339,0.2178946812726826,0.282676994908558,0.06478231363587542
340,0.2177526689994602,0.28270998509153383,0.06495731609207364
341,0.21757279133784055,0.28272001607537367,0.06514722473753312
342,0.21738779358840332,0.2827721226970718,0.06538432910866848
343,0.21724437571920252,0.28276646720109994,0.06552209148189742
344,0.21708021217873205,0.28277656150905706,0.065696349330325
345,0.21695554623976415,0.2827774359499236,0.06582188971015945
346,0.21683573099855188,0.28277999151303723,0.06594426051448535
347,0.21667216028403907,0.2828431963226253,0.0661710360385862
348,0.21651059722392893,0.2829110112957237,0.06640041407179478
349,0.21633968091743638,0.2829693407305708,0.0666296598131344
350,0.21618189759709755,0.2829229909447035,0.06674109334760597
351,0.21604110716480623,0.28292273689240627,0.06688162972760003
352,0.2159280232671067,0.28293256509261083,0.06700454182550414
353,0.21575279771290362,0.28293651897321986,0.06718372126031624
354,0.21560613347952148,0.2830122664514457,0.06740613297192424
355,0.21547286189836362,0.2830147537742678,0.0675418918759042
356,0.21532951846174797,0.28299294437662537,0.0676634259148774
357,0.21519135405078252,0.2830122544492545,0.06782090039847197
358,0.21503119708148125,0.2830154970036182,0.06798429992213698
359,0.2149220061631024,0.2830581637893908,0.06813615762628841
360,0.214743956560279,0.2831117695352788,0.06836781297499978
361,0.21463970883309905,0.28316132049253556,0.06852161165943652
362,0.21452015097148303,0.28314891102742423,0.06862876005594121
363,0.21441304612627343,0.28315475341491636,0.06874170728864293
364,0.21428004367999567,0.28315692508472023,0.06887688140472456
365,0.2141516235516632,0.28316690271311873,0.06901527916145553
366,0.2140165392140901,0.2831651486397796,0.06914860942568948
367,0.21388349657174957,0.2831574858232966,0.06927398925154701
368,0.21371440428637115,0.2831739031172791,0.06945949883090793
369,0.21358896870044106,0.2831818872329965,0.06959291853255542
370,0.21345336717730806,0.28310467477957507,0.06965130760226701
371,0.21329388314319617,0.28309449331300507,0.0698006101698089
372,0.213122064799907,0.28311870687521173,0.06999664207530473
373,0.21296497748520757,0.28314015409116716,0.0701751766059596
374,0.21282512524081698,0.28314882794707474,0.07032370270625776
375,0.21269802078283703,0.28315376486943744,0.07045574408660041
376,0.21255422698013188,0.2831505285148853,0.07059630153475344
377,0.21244033808255405,0.28314228056151963,0.07070194247896558
378,0.2122663107151224,0.2830860998558268,0.07081978914070439
379,0.21210287159497745,0.2831169172284433,0.07101404563346583
380,0.2119927948050889,0.283131919682144,0.07113912487705512
381,0.21185457311655095,0.28319230180867216,0.07133772869212121
382,0.21172392408178345,0.2832078497965169,0.07148392571473347
383,0.21157350678032294,0.2832150281002453,0.07164152131992235
384,0.21139962633362908,0.2832256308531976,0.0718260045195685
385,0.21129451304793762,0.28319918341225714,0.07190467036431952
386,0.21113671470194034,0.2831982766809721,0.07206156197903174
387,0.21096044197005007,0.28326129949876144,0.07230085752871138
388,0.21080958499957714,0.28328671728009125,0.07247713228051411
389,0.2106554444977449,0.28329023807222914,0.07263479357448424
390,0.21054510858450987,0.28328567395095483,0.07274056536644496
391,0.21040182260323176,0.28327603397420625,0.0728742113709745
392,0.21029128611317643,0.2833190383064316,0.07302775219325519
393,0.210163686155567,0.2833217380193615,0.07315805186379451
394,0.210005815021188,0.28338317103160154,0.07337735601041354
395,0.20985776774987328,0.2834021282831784,0.07354436053330513
396,0.2096924419953236,0.2834165138523743,0.07372407185705071
397,0.20952090896583112,0.2834281526705121,0.07390724370468096
398,0.20938462214528955,0.28345372927922113,0.07406910713393158
399,0.2092404083829592,0.2834430573025998,0.07420264891964057
400,0.20907481130750177,0.28344394748696694,0.07436913617946517
401,0.20897635485478902,0.2834197769486643,0.0744434220938753
402,0.20880815208279208,0.28341798585404876,0.07460983377125668
403,0.2086577040352563,0.283445368316798,0.07478766428154171
404,0.20853096374313,0.28347251117691363,0.07494154743378365
405,0.2083948201612336,0.28344273704084316,0.07504791687960957
406,0.2082338184025087,0.2835989297875929,0.07536511138508417
407,0.20806376577938981,0.2835895631185293,0.07552579733913947
408,0.20791176652655632,0.2836280729826651,0.0757163064561088
409,0.20780113885350687,0.2836192411870633,0.0758181023335564
410,0.20763871764399452,0.28365828905162893,0.0760195714076344
411,0.20751696368130818,0.28364466411746686,0.07612770043615869
412,0.20736772195606365,0.2836461301150162,0.07627840815895257
413,0.20724776352859262,0.2836918557242947,0.07644409219570206
414,0.2071542662782565,0.283695177226939,0.07654091094868248
415,0.20701461879168542,0.2836508121665724,0.07663619337488697
416,0.2069169857779266,0.2836876146042093,0.07677062882628272
417,0.20675062372090278,0.2836846925529142,0.0769340688320114
418,0.20661856103708123,0.28365637507631464,0.0770378140392334
419,0.20648107551647188,0.2836869757515312,0.0772059002350593
420,0.20634593469883036,0.2837759173628272,0.07742998266399684
421,0.2062332667984371,0.2838107558858615,0.07757748908742443
422,0.2061202233493131,0.2837930627900404,0.07767283944072731
423,0.20595952189655706,0.28381873911603356,0.0778592172194765
424,0.20581901446958673,0.2839061571529876,0.07808714268340089
425,0.20569337845201516,0.28385516425089363,0.07816178579887847
426,0.2055657532618111,0.2838397206055037,0.07827396734369263
427,0.20542988883067273,0.2838456807693228,0.07841579193865009
428,0.20528593085515714,0.28382942507478476,0.07854349421962761
429,0.20511085365112589,0.2837987905762518,0.0786879369251259
430,0.2049731453724797,0.2837638853558601,0.0787907399833804
431,0.20486684447118442,0.2837697049894302,0.0789028605182458
432,0.20474968991986892,0.2838165938469841,0.07906690392711518
433,0.20459279609634817,0.28384568493173484,0.07925288883538667
434,0.20443857549707606,0.283847215944053,0.07940864044697693
435,0.2042840430551237,0.2838249520785059,0.07954090902338218
436,0.20413385361654932,0.2838063381295815,0.07967248451303219
437,0.20397820801127314,0.28386882350927056,0.07989061549799742
438,0.2038834138199472,0.28387671452661195,0.07999330070666474
439,0.2037522922371685,0.2838775088288936,0.08012521659172511
440,0.20359203532487302,0.28385958250856563,0.08026754718369261
441,0.20347834399781725,0.28391613908499863,0.08043779508718138
442,0.20335935096066263,0.283939039201152,0.08057968824048936
443,0.20322513581440335,0.28396562628123573,0.08074049046683238
444,0.20308434434635866,0.28402222001198546,0.0809378756656268
445,0.202953687417646,0.2840355263132537,0.08108183889560769
446,0.2028446690584819,0.2840273535935939,0.08118268453511199
447,0.20273391443586974,0.2840677789028666,0.08133386446699686
448,0.20261181630012443,0.28411465687014675,0.08150284057002233
449,0.20246788225427345,0.28411858383125815,0.0816507015769847
450,0.202313269071575,0.28417379315022157,0.08186052407864655
451,0.202172217109003,0.28421607025675044,0.08204385314774745
452,0.20203283628473212,0.28422198739357984,0.08218915110884772
453,0.20192639503782805,0.2842442522159033,0.08231785717807527
454,0.20177502092246477,0.28422067379736926,0.08244565287490449
455,0.20161547135120755,0.2842206778517923,0.08260520650058473
456,0.20149652044703792,0.2842610556842154,0.08276453523717747
457,0.20138526149918462,0.28427095411214964,0.08288569261296502
458,0.20125583249911116,0.28425282744469804,0.08299699494558688
459,0.20114692568054707,0.2842515474197733,0.08310462173922625
460,0.20101846926300942,0.2842707968165915,0.08325232755358208
461,0.20088896841520895,0.2843127711130731,0.08342380269786417
462,0.20075665211471527,0.28434351643835315,0.08358686432363788
463,0.20064771279124854,0.2843422570767992,0.08369454428555068
464,0.2005393847516428,0.28434403844352585,0.08380465369188306
465,0.2004005243875634,0.2843627412388172,0.08396221685125382
466,0.20032357492433908,0.28436922069108383,0.08404564576674475
467,0.20019113019037713,0.2843631767963815,0.08417204660600439
468,0.2000602540139111,0.2843578573294794,0.08429760331556829
469,0.19994126663635794,0.2843663153758389,0.08442504873948095
470,0.19979250881004484,0.28434656102165057,0.08455405221160572
471,0.19968014010261867,0.2843200293635104,0.08463988926089175
472,0.19957980756948546,0.2843172787854419,0.08473747121595643
473,0.1994547892219285,0.2843085805691503,0.08485379134722182
474,0.1993061684094636,0.2842895780467497,0.0849834096372861
475,0.19921529683769806,0.2843450377850211,0.08512974094732306
476,0.1991110522493949,0.2843668645714726,0.08525581232207768
477,0.19900199442872346,0.28437948038090277,0.08537748595217931
478,0.19883243088187263,0.2843834170460913,0.08555098616421869
479,0.19874436837089177,0.28442438145394605,0.08568001308305428
480,0.1986108556094571,0.2844801565490404,0.08586930093958331
481,0.19849593212849592,0.28445337467858084,0.08595744255008492
482,0.19834461769068842,0.2844561667098767,0.0861115490191883
483,0.1982063734177156,0.28449685114071077,0.08629047772299517
484,0.19804327837433486,0.2845410664780916,0.08649778810375672
485,0.19793309244649201,0.2845404770184618,0.08660738457196979
486,0.1978015994356412,0.2845835981867542,0.086781998751113
487,0.19763070061323548,0.2845238701657698,0.08689316955253432
488,0.19752424915457475,0.2845658826506048,0.08704163349603003
489,0.19742538955074324,0.28456475478369747,0.08713936523295424
490,0.19731143581347826,0.2845823499035107,0.08727091409003246
491,0.19719004998228604,0.28457521552974346,0.08738516554745743
492,0.19703891089738396,0.2845489529072066,0.08751004200982265
493,0.19691826702334095,0.28454134447960955,0.0876230774562686
494,0.1967821067039449,0.28453692721911117,0.08775482051516628
495,0.1966298315288246,0.2845319669923018,0.08790213546347722
496,0.196489992691921,0.28455565515724146,0.08806566246532047
497,0.19636101775723336,0.28455985664443567,0.08819883888720231
498,0.19624332277787163,0.2845869296459483,0.08834360686807666
499,0.19608601185310934,0.2845830253787197,0.08849701352561037
500,0.1959668510647199,0.28459825765326624,0.08863140658854635
501,0.19583181495378701,0.2846458114409916,0.08881399648720459
502,0.1956970454953846,0.28465657663055854,0.08895953113517394
503,0.19556160748379026,0.2846379814082053,0.08907637392441503
504,0.19547385127957706,0.2846533320998748,0.08917948082029775
505,0.19534119341309733,0.2847964593983951,0.08945526598529777
506,0.19519632167814824,0.2847613105055143,0.08956498882736605
507,0.1950655027151563,0.2847699825715854,0.08970447985642913
508,0.19493843168593353,0.28481585314716223,0.08987742146122871
509,0.19486229769859714,0.28484576015562135,0.08998346245702421
510,0.19472999643084335,0.2848648181890657,0.09013482175822238
511,0.19459628012131866,0.28492221496749914,0.09032593484618048
512,0.19448511512193384,0.2848996408772274,0.09041452575529357
513,0.19432755303877272,0.28490006311904975,0.09057251008027703
514,0.19420908921372848,0.28490106971045565,0.09069198049672716
515,0.19409161576956793,0.28490397323985395,0.09081235747028601
516,0.19396103291011377,0.2849596224790206,0.09099858956890686
517,0.19383219145536895,0.28497121585616253,0.09113902440079358
518,0.19374063690104507,0.2849851178727077,0.09124448097166263
519,0.19363893552160497,0.28503852980503064,0.09139959428342567
520,0.19354013256449185,0.28504199430605104,0.09150186174155919
521,0.19338018931037876,0.2850214093117679,0.09164122000138913
522,0.1932702889237657,0.28504540922947336,0.09177512030570767
523,0.1931217592195609,0.2850523867184412,0.09193062749888029
524,0.1929887767073261,0.28506166948392647,0.09207289277660038
525,0.19283986851895737,0.2851160026293976,0.09227613411044025
526,0.19270303314415177,0.28519412048973497,0.0924910873455832
527,0.19257614382260224,0.2852095642132616,0.09263342039065936
528,0.1924179229844858,0.28519514796028306,0.09277722497579727
529,0.19229459332164994,0.2851874366959252,0.09289284337427528
530,0.19215688903631156,0.28521440493264627,0.09305751589633471
531,0.19206406666359835,0.2852213997634931,0.09315733309989474
532,0.19196546817803728,0.2852260552988253,0.093260587120788
533,0.19182458576731712,0.2852143072391,0.0933897214717829
534,0.19173272007465042,0.28520675659338235,0.09347403651873193
535,0.191581341259622,0.2851861748636131,0.09360483360399108
536,0.19151028301348824,0.28516499059284495,0.0936547075793567
537,0.19140220046666487,0.28523802793299485,0.09383582746632999
538,0.19129224413284224,0.28526855814240465,0.09397631400956241
539,0.19118131756284734,0.2852776053474983,0.09409628778465096
540,0.1910765971076756,0.28524090659415047,0.09416430948647486
541,0.19096474985898917,0.2852415985667937,0.09427684870780453
542,0.19088749076880393,0.2852512007602263,0.09436370999142238
543,0.1908112685678239,0.28526874775637867,0.09445747918855477
544,0.19067875232952844,0.2852846300153216,0.09460587768579318
545,0.1905587548184417,0.2853412186613819,0.0947824638429402
546,0.19041880306638911,0.2853036065210683,0.09488480345467917
547,0.19027659307896333,0.2853376198565717,0.09506102677760836
548,0.1901113522660624,0.2853592438275835,0.09524789156152108
549,0.19001046717651995,0.28533059568953895,0.09532012851301899
550,0.1898787312931844,0.28532679893840746,0.09544806764522307
551,0.18977601334145136,0.28536102022577137,0.09558500688432
552,0.18966698634307624,0.28533950903527716,0.09567252269220092
553,0.189516845003061,0.28538502311390235,0.09586817811084133
554,0.1894132799852082,0.2853846625276865,0.0959713825424783
555,0.18929092260662062,0.28536467820367545,0.09607375559705483
556,0.18918304239234757,0.2853510229205328,0.09616798052818526
557,0.18906279067583975,0.2853213543787459,0.09625856370290614
558,0.18894792535420926,0.2852964978425657,0.09634857248835646
559,0.18882354605098636,0.28535758077704326,0.0965340347260569
560,0.18867582234061103,0.28541258933301134,0.0967367669924003
561,0.1885811500423822,0.2854242773140954,0.09684312727171321
562,0.1884661612944086,0.2854481739685625,0.09698201267415388
563,0.18830522653385856,0.285491116677395,0.09718589014353646
564,0.18815851045275375,0.28552998886591713,0.09737147841316338
565,0.18802360772117307,0.2855171641032183,0.09749355638204524
566,0.18787822879496624,0.2854973392504859,0.09761911045551969
567,0.1877778752345597,0.28549642886316084,0.09771855362860116
568,0.18764629587674264,0.28551520482667925,0.0978689089499366
569,0.18757767040180562,0.2854771054489614,0.09789943504715576
570,0.1874691707633757,0.28549374458454313,0.09802457382116744
571,0.18733859876148878,0.2854927497618679,0.09815415100037911
572,0.18722059087535248,0.2854884726841882,0.09826788180883572
573,0.18705613830659584,0.28549193764541436,0.09843579933881852
574,0.18694460904068963,0.28549183619090857,0.09854722715021894
575,0.18682916215927972,0.28549700966638847,0.09866784750710875
576,0.18670149506974407,0.28560968175043033,0.09890818668068627
577,0.18656205090451664,0.2856302914601572,0.09906824055564059
578,0.18644911891947205,0.2856290607899004,0.09917994187042836
579,0.18632756495843183,0.2856841867252097,0.09935662176677784
580,0.18620704837584456,0.2856904719538339,0.09948342357798934
581,0.18609292881603615,0.2856943303385588,0.09960140152252264
582,0.1859882245476819,0.2857202912057302,0.09973206665804832
583,0.18588109659189214,0.28575053940526746,0.09986944281337531
584,0.18573287581127665,0.285775808152201,0.10004293234092435
585,0.18560671193439068,0.2858317547691131,0.10022504283472242
586,0.18549088636314962,0.2858114104852599,0.10032052412211026
587,0.18539018045279476,0.2858606617701597,0.10047048131736491
588,0.18527210330330102,0.2858629440135641,0.10059084071026309
589,0.18518100463064768,0.28590648580691475,0.10072548117626706
590,0.18505798475006274,0.2859555596456368,0.10089757489557405
591,0.1849446393201659,0.28593637187004495,0.10099173254987906
592,0.184863795841663,0.2859339117646971,0.10107011592303414
593,0.18474413005507068,0.28593661542778764,0.10119248537271697
594,0.18463905428055108,0.28593201638493543,0.10129296210438435
595,0.1845443683593538,0.2858955364554852,0.1013511680961314
596,0.18441295850730952,0.28587419903731826,0.10146124053000874
597,0.18429201224439942,0.2858978257084044,0.10160581346400496
598,0.18422605130394049,0.28590640700503456,0.10168035570109407
599,0.18410746497361868,0.2859212889801978,0.10181382400657912
600,0.1839962748379177,0.28592567643107863,0.10192940159316094
601,0.18390704182390707,0.2859361719945955,0.1020291301706884
602,0.18382499725056667,0.28594779063415343,0.10212279338358676
603,0.1837377448714023,0.2859476056761627,0.10220986080476038
604,0.1836176614296363,0.28601174596682855,0.10239408453719226
605,0.1834745672349574,0.28605479417988633,0.10258022694492894
606,0.18337395754098076,0.28608561527963944,0.10271165773865867
607,0.18326816457056558,0.28606117547530396,0.10279301090473839
608,0.18313408892244026,0.2861157300925132,0.10298164117007291
609,0.18301424993018056,0.28610180117686307,0.10308755124668251
610,0.18287055610989528,0.28610171508826127,0.10323115897836599
611,0.18273717606923204,0.28611683206926725,0.10337965600003521
612,0.18265750656354457,0.28613085381440256,0.103473347250858
613,0.1825483906647098,0.28615407897329637,0.10360568830858657
614,0.18247191239454202,0.28619060974178884,0.10371869734724681
615,0.18235175463362163,0.2861971320136976,0.10384537738007599
616,0.18223693949092715,0.28620035785940123,0.10396341836847409
617,0.18211966269211022,0.2861665945503073,0.10404693185819708
618,0.18200082586750577,0.28617205791693706,0.1041712320494313
619,0.18187944193466152,0.28617483577108355,0.10429539383642203
620,0.18173478586891334,0.2862126883869049,0.10447790251799155
621,0.1816173015604709,0.286210591536784,0.10459328997631312
622,0.1814838779206963,0.2861607425289407,0.10467686460824438
623,0.18137396468143002,0.28621269331942917,0.10483872863799915
624,0.18123814257404508,0.2862132853488641,0.10497514277481901
625,0.18115004248697092,0.28621493134276665,0.10506488885579574
626,0.18104749976947082,0.28621408270771737,0.10516658293824654
627,0.1809508029330672,0.28623686526358355,0.10528606233051635
628,0.18084082499747745,0.28623414536555003,0.10539332036807258
629,0.18074640704987066,0.28625528673596146,0.1055088796860908
630,0.18067076389739442,0.2862494507851251,0.10557868688773067
631,0.18056418283010417,0.28625938100765413,0.10569519817754996
632,0.180468580727251,0.28626953488853146,0.10580095416128046
633,0.18036725342757867,0.28634696484285743,0.10597971141527876
634,0.1802564345302554,0.2863156506789051,0.10605921614864969
635,0.18012509626962747,0.28633420131784526,0.10620910504821779
636,0.1800403770444392,0.2863256919052943,0.10628531486085507
637,0.17996364404852389,0.28632753774566433,0.10636389369714044
638,0.17982433299753622,0.2863460792857701,0.10652174628823388
639,0.179739153197218,0.2864411377312012,0.10670198453398322
640,0.1796318548758102,0.28647345157743936,0.10684159670162915
641,0.17951919394385563,0.28644157519125263,0.106922381247397
642,0.17941882143305163,0.28645583402781777,0.10703701259476614
643,0.17929214189252346,0.2864753523722248,0.10718321047970136
644,0.179146061609026,0.28649198711269114,0.10734592550366515
645,0.1790501859428346,0.2865164296673424,0.10746624372450783
646,0.17894390687235429,0.2866362027537737,0.10769229588141943
647,0.17878699989709892,0.28663393563454936,0.10784693573745044
648,0.17866814701065462,0.2866868445363497,0.10801869752569507
649,0.17858149666508086,0.2866892353424096,0.10810773867732873
650,0.17847139827794983,0.2867218642267833,0.10825046594883347
651,0.1783810442343652,0.28674952424526673,0.10836848001090152
652,0.17828923930200336,0.28680189542611595,0.1085126561241126
653,0.17815917767677839,0.28681459685666855,0.10865541917989016
654,0.17804114955953199,0.2867836216886352,0.10874247212910321
655,0.17796368583469083,0.28684464781294494,0.10888096197825411
656,0.17781352248771876,0.28686983934483734,0.10905631685711858
657,0.1777233976277943,0.286867311296154,0.10914391366835971
658,0.17764713097356577,0.2868810228715254,0.10923389189795962
659,0.177551100417356,0.2868939119764,0.10934281155904402
660,0.17744484216513415,0.28691107091054735,0.1094662287454132
661,0.17735253983090404,0.28691555231263854,0.1095630124817345
662,0.1772210025485299,0.28697315073249285,0.10975214818396295
663,0.17714456224904984,0.28697679139485954,0.1098322291458097
664,0.17705403650263257,0.28697201163761327,0.1099179751349807
665,0.17693994076409997,0.2870238275511163,0.1100838867870163
666,0.1768404722454459,0.2870515886529147,0.11021111640746878
667,0.17674013602852656,0.28703936370777855,0.11029922767925199
668,0.17663063591702372,0.28706890893743914,0.11043827302041542
669,0.17648425790839564,0.287078253715673,0.11059399580727738
670,0.17638214967430418,0.28703200722687083,0.11064985755256665
671,0.1762731659075622,0.28702597679131764,0.11075281088375544
672,0.17615876945734038,0.2870314492553691,0.11087267979802873
673,0.17602987097467268,0.2870192527149117,0.11098938174023901
674,0.1759172759766113,0.2870344465527784,0.11111717057616707
675,0.1758022660085472,0.2870296230654462,0.11122735705689901
676,0.17567568127461614,0.2870409599403459,0.11136527866572976
677,0.17555001589492084,0.28706626331995594,0.1115162474250351
678,0.17540171755592882,0.2870578706202592,0.11165615306433041
679,0.17528978682421542,0.2870432527130644,0.11175346588884899
680,0.17517014366604017,0.28709955115668595,0.11192940749064578
681,0.17508704581464593,0.28708998614669423,0.1120029403320483
682,0.17499451110034417,0.2870988695962017,0.11210435849585751
683,0.1748801092501072,0.2871069249562918,0.11222681570618462
684,0.17479823695284413,0.28711769626984185,0.11231945931699772
685,0.17472058585292444,0.28712133228818226,0.11240074643525783
686,0.17461018833517664,0.28707920744484283,0.1124690191096662
687,0.17450939814955166,0.28705669309788306,0.1125472949483314
688,0.17438230747210656,0.28705072330642867,0.1126684158343221
689,0.17427003437273145,0.287052505680754,0.11278247130802257
690,0.17412074654414075,0.28702724517277833,0.11290649862863758
691,0.174009404914825,0.2870343326960826,0.11302492778125758
692,0.17388375675026346,0.28708522602035913,0.11320146927009567
693,0.17380936147346723,0.28708763153788064,0.1132782700644134
694,0.17371210302055953,0.2870955885964178,0.11338348557585828
695,0.17358570074070914,0.2870909465722912,0.11350524583158203
696,0.1734575177002246,0.28710212768287274,0.11364460998264814
697,0.1733404173957242,0.28708579145361224,0.11374537405788804
698,0.17323630627389935,0.28704514328294156,0.11380883700904221
699,0.17310778294578583,0.28708005121012226,0.11397226826433643
700,0.17300138468011866,0.28711068498228803,0.11410930030216937
701,0.1728936821726758,0.2871270344371346,0.1142333522644588
702,0.17283201217560804,0.2871480398585399,0.11431602768293189
703,0.17271348232908074,0.2871076513026131,0.11439416897353238
704,0.17258927796341586,0.2871278672027575,0.11453858923934165
705,0.17246543306107676,0.287131911880266,0.11466647881918923
706,0.1723374536543799,0.28713980146599555,0.11480234781161563
707,0.17226553961851251,0.2871377673262336,0.11487222770772107
708,0.17217172031377848,0.2871199513155278,0.11494823100174933
709,0.1720527308909149,0.28710948163214745,0.11505675074123253
710,0.1719679669581232,0.28708704977927163,0.11511908282114844
711,0.17186824760290348,0.28710946199375165,0.11524121439084817
712,0.17173829532826085,0.28711658359434405,0.1153782882660832
713,0.17166380860165162,0.2871294320836588,0.1154656234820072
714,0.17156419160068884,0.28714659732486164,0.1155824057241728
715,0.17147364273195073,0.2871434244294626,0.11566978169751188
716,0.17134313872203,0.28714576757247456,0.11580262885044457
717,0.17122893163239025,0.28718081658448397,0.11595188495209371
718,0.17111122260094944,0.28719567721574935,0.11608445461479991
719,0.1709757095595606,0.2872119036429303,0.11623619408336971
720,0.1708811617871675,0.287219140096759,0.11633797830959147
721,0.17078181868595838,0.2872370232688234,0.11645520458286501
722,0.1706696257749961,0.28726832873663316,0.11659870296163707
723,0.17055731864126458,0.28735034826003003,0.11679302961876545
724,0.17042122132682724,0.2873326345909162,0.11691141326408894
725,0.17030984351906153,0.28730154390394225,0.11699170038488071
726,0.1702254377760707,0.2873184178892964,0.11709298011322572
727,0.170131077471534,0.287364303694629,0.11723322622309501
728,0.17000695844805902,0.2873483725102484,0.1173414140621894
729,0.1699029498568088,0.28733661457902815,0.11743366472221936
730,0.16981143989135333,0.2873282019989492,0.11751676210759587
731,0.16971850236374192,0.2873414171251352,0.1176229147613933
732,0.1696358110570707,0.28732185224694595,0.11768604118987525
733,0.16954565713162975,0.28731643175339244,0.11777077462176269
734,0.16944228435258402,0.2873886542280609,0.11794636987547691
735,0.16932319849486802,0.2874595219451317,0.11813632345026367
736,0.16922785609944832,0.28745942611494263,0.11823157001549431
737,0.16910310126807007,0.28748065077064305,0.11837754950257298
738,0.16897825215424253,0.2874715580304212,0.11849330587617865
739,0.16887102649274782,0.28747473695903397,0.11860371046628615
740,0.16876812901485408,0.2874810918760393,0.11871296286118524
741,0.168671484725408,0.287467937910546,0.11879645318513798
742,0.16857212544601308,0.28745829883614266,0.11888617339012958
743,0.16843698797381293,0.28746033317786124,0.11902334520404831
744,0.1683452543958936,0.28748446459258176,0.11913921019668816
745,0.1682586381850261,0.28750350713451667,0.11924486894949057
746,0.16817107247635857,0.28750382506859584,0.11933275259223727
747,0.1680317548396245,0.2874845903539557,0.1194528355143312
748,0.16791147166091971,0.287454720249579,0.1195432485886593
749,0.16783785114804448,0.2874494728103435,0.11961162166229902
750,0.16774168050683208,0.2874222922302311,0.119680611723399
751,0.1676706945537976,0.28742479507394836,0.11975410052015076
752,0.16759072035554123,0.2874834621703995,0.11989274181485826
753,0.16747084740245255,0.2875101052953973,0.12003925789294473
754,0.16732401118056828,0.28755196585838705,0.12022795467781877
755,0.16721004489445876,0.28751121965528004,0.12030117476082128
756,0.16712473644272854,0.2875216921907247,0.12039695574799616
757,0.16705973693407733,0.2875161297022506,0.12045639276817327
758,0.1669657510315521,0.2875318416559691,0.12056609062441703
759,0.16687038560144696,0.2875557676303273,0.12068538202888035
760,0.1667962160001434,0.2875434045255756,0.12074718852543218
761,0.16667864821845987,0.2875822314080098,0.12090358318954994
762,0.16656842602797484,0.2876247261478681,0.12105630011989327
763,0.16644875054589306,0.287620688869239,0.12117193832334597
764,0.1663576160683648,0.28771406062432264,0.12135644455595784
765,0.16626429960544414,0.28775026521144215,0.121485965605998
766,0.16616664783016394,0.28775693631841326,0.12159028848824932
767,0.16608442878649846,0.28777685092374483,0.12169242213724638
768,0.1659797276765835,0.28777834767594185,0.12179861999935834
769,0.16589376108475787,0.2877623197327116,0.12186855864795373
770,0.16579999424952935,0.2877467968525066,0.12194680260297724
771,0.16570109231897862,0.2877518927272094,0.1220508004082308
772,0.16562402551707156,0.28775964879870836,0.1221356232816368
773,0.1654999203710283,0.28776311613953265,0.12226319576850436
774,0.16541057003544496,0.2877770684270845,0.12236649839163954
775,0.1653193099252943,0.2877785764098462,0.12245926648455191
776,0.16520997840821378,0.2877949550494692,0.12258497664125545
777,0.16511958159403792,0.2877950943423885,0.12267551274835056
778,0.16498714153804744,0.28778248325999134,0.1227953417219439
779,0.16486997976472823,0.28780098477008964,0.12293100500536142
780,0.1647793922870353,0.28779911201157254,0.12301971972453724
781,0.16469746970350407,0.287812680143542,0.12311521044003793
782,0.16456802863357592,0.287804809767911,0.12323678113433509
783,0.16445580452038386,0.28780865768297703,0.12335285316259317
784,0.16432900504826659,0.28780313354515075,0.12347412849688416
785,0.16422844934510508,0.28778389753761535,0.12355544819251027
786,0.16413366381331215,0.2878082576212429,0.12367459380793075
787,0.16404476703992188,0.2878058309481785,0.12376106390825664
788,0.16394190023050448,0.28781663277356623,0.12387473254306175
789,0.16384960257096803,0.2878412537729362,0.12399165120196814
790,0.16377932413887497,0.2878425956974771,0.12406327155860214
791,0.1636759843612756,0.28787176627756966,0.12419578191629407
792,0.16356424135240222,0.2878663399726533,0.1243020986202511
793,0.16345234570215758,0.2878733861270707,0.12442104042491312
794,0.1633724434630919,0.28789491340001744,0.12452246993692553
795,0.1632425233927201,0.28792724461216046,0.12468472121944035
796,0.1631551674687292,0.28793374090660956,0.12477857343788035
797,0.16305688996477688,0.2879157605636556,0.12485887059887871
798,0.16295469050470165,0.2879489354351785,0.12499424493047687
799,0.16286688958499135,0.28793142017383505,0.1250645305888437
800,0.16273652792448676,0.28793589225907296,0.1251993643345862
801,0.16260051222034796,0.28800622459091785,0.12540571237056988
802,0.16247875921521188,0.28798140642728626,0.12550264721207438
803,0.162374248283307,0.2880010775799405,0.1256268292966335
804,0.1622510231512146,0.2879966184347752,0.1257455952835606
805,0.16210476595695977,0.2880103924569293,0.1259056264999695
806,0.16205161703806023,0.28798821926461,0.12593660222654976
807,0.16196238963938478,0.28799813257906615,0.12603574293968137
808,0.16183735433600918,0.28798822052457923,0.12615086618857005
809,0.16172836433105534,0.2880027116218711,0.12627434729081574
810,0.16166292399554882,0.28796927871071487,0.12630635471516605
811,0.16157599522526148,0.2879685848116292,0.1263925895863677
812,0.16148390940810742,0.28799154349453654,0.12650763408642912
813,0.16137895410618713,0.28803983036584274,0.1266608762596556
814,0.16128219488103845,0.2880381226406803,0.12675592775964184
815,0.16118959073526853,0.2880588835309386,0.12686929279567008
816,0.16108377624426523,0.2880166838327829,0.12693290758851766
817,0.16102394653603655,0.2880174724627633,0.12699352592672677
818,0.16094068141912404,0.2880196218735283,0.12707894045440427
819,0.16083784390312958,0.28801299779040473,0.12717515388727516
820,0.16076549638878426,0.2880174167274102,0.12725192033862595
821,0.1606519278220132,0.28804177555202143,0.12738984773000822
822,0.16056054360084582,0.28817267681027875,0.12761213320943293
823,0.16044357608632087,0.28818991303272334,0.12774633694640247
824,0.16033684878387028,0.2882012410460018,0.12786439226213153
825,0.160229078415241,0.2881926478700489,0.12796356945480789
826,0.1601105060151768,0.28816554977705067,0.12805504376187388
827,0.15999845736042018,0.2881634062821786,0.12816494892175845
828,0.15988661585529151,0.2882134918389862,0.1283268759836947
829,0.15980492117289963,0.2882126202101301,0.12840769903723048
830,0.15973564777946078,0.28821384293243124,0.12847819515297046
831,0.15968041145527545,0.2882071374988028,0.12852672604352733
832,0.1595967572604232,0.2882635993212296,0.1286668420608064
833,0.15949494934529715,0.2882403298550171,0.12874538050971993
834,0.15939718405238176,0.2883565746629059,0.1289593906105241
835,0.15931352707099908,0.2883315784307903,0.12901805135979125
836,0.15923727256166403,0.2883336689537357,0.12909639639207166
837,0.15915414822453913,0.2883628548942613,0.12920870666972215
838,0.1590504659988138,0.28836634585645954,0.12931587985764573
839,0.15895699770618643,0.2883845615279549,0.12942756382176845
840,0.1588434228902125,0.28837101449150937,0.12952759160129687
841,0.158719701736923,0.28836538410001983,0.12964568236309681
842,0.15859332283456165,0.28838309693301406,0.1297897740984524
843,0.1585322826333592,0.288375225342145,0.1298429427087858
844,0.15846904392071806,0.28839120420493214,0.12992216028421408
845,0.1583605039760848,0.2884190861378368,0.13005858216175198
846,0.158260656247103,0.2884412475229695,0.1301805912758665
847,0.15818447510165337,0.288440176027039,0.1302557009253856
848,0.15809314832057592,0.2884113157161235,0.13031816739554758
849,0.15800634360417626,0.28842598415136067,0.1304196405471844
850,0.15791833017182746,0.2884405068831442,0.13052217671131675
851,0.15782881369644916,0.2884468652541003,0.13061805155765113
852,0.1577260250440618,0.288462351809884,0.1307363267658222
853,0.15766302279426075,0.2884634132702345,0.13080039047597375
854,0.15756050288367496,0.28849160034824756,0.1309310974645726
855,0.15744493029155956,0.28856138827071426,0.1311164579791547
856,0.1573685392909597,0.28854213061604495,0.13117359132508524
857,0.1572770530937364,0.28855551227244647,0.13127845917871006
858,0.15717821237163992,0.28856069725425887,0.13138248488261894
859,0.157105995422281,0.28858402904074026,0.13147803361845928
860,0.15699670428031456,0.2886086276590182,0.13161192337870362
861,0.15685842549186746,0.288608831878039,0.13175040638617153
862,0.1567332058652939,0.28861909258218343,0.13188588671688953
863,0.15664796962108274,0.2886344096749497,0.13198644005386695
864,0.15652945832445941,0.28862291925324735,0.13209346092878793
865,0.15642874476947197,0.2885910145603277,0.13216226979085574
866,0.1563456446332529,0.2885944006868933,0.1322487560536404
867,0.15625928602995823,0.2885957861963596,0.1323365001664014
868,0.15618289611919575,0.28859250160028876,0.132409605481093
869,0.1560974553375517,0.28866340493285314,0.13256594959530144
870,0.1559990935500137,0.28861569445546376,0.13261660090545005
871,0.15592429785406475,0.28862420935978006,0.1326999115057153
872,0.15582252561743345,0.2886001076059813,0.13277758198854786
873,0.15573445456891868,0.28858996307581364,0.13285550850689495
874,0.1556406328574794,0.28858931293582907,0.13294868007834967
875,0.15558669269569964,0.28857885491283,0.13299216221713034
876,0.15549215411365014,0.28857656943985543,0.1330844153262053
877,0.15539253585059137,0.2885586098372896,0.13316607398669822
878,0.15528450285364565,0.28857200854128084,0.1332875056876352
879,0.1551758491006744,0.2885743173495326,0.1333984682488582
880,0.15507470729771872,0.28857145961175107,0.13349675231403235
881,0.1549644960482991,0.2885267371038775,0.1335622410555784
882,0.15486728553955642,0.28852577525986156,0.13365848972030514
883,0.15476475315943836,0.28855179676549053,0.13378704360605218
884,0.15466417972417132,0.2885483731559231,0.13388419343175176
885,0.15455387829698414,0.2885574711791092,0.13400359288212504
886,0.1544501148042843,0.2885675488059451,0.1341174340016608
887,0.15437114006556577,0.28857826222341015,0.1342071221578444
888,0.15427528194472445,0.28857413321582115,0.1342988512710967
889,0.15415057801338547,0.28853882318645196,0.1343882451730665
890,0.15402841419468702,0.28849085998354507,0.13446244578885805
891,0.15390945003204484,0.28854787218824224,0.1346384221561974
892,0.1538340778968711,0.28853713932486563,0.13470306142799454
893,0.1537514933160601,0.2885842654078395,0.13483277209177938
894,0.1536732437203961,0.28858653763848424,0.13491329391808815
895,0.15360020719663237,0.2885829111918457,0.13498270399521334
896,0.1535318828964757,0.28857879560413163,0.13504691270765593
897,0.15342913630062563,0.28862873432364844,0.1351995980230228
898,0.1533627915416101,0.2886217771417346,0.1352589856001245
899,0.15324510924230997,0.28862836517971985,0.13538325593740988
900,0.15315607202186363,0.2886312192764304,0.13547514725456675
901,0.15304347671433993,0.28866155156829637,0.13561807485395644
902,0.1529595140715949,0.2886597717050931,0.13570025763349822
903,0.15285536125479487,0.28867451401914224,0.13581915276434736
904,0.15275774351128915,0.2886667053776386,0.13590896186634946
905,0.15267655446080977,0.2886333927826012,0.13595683832179142
906,0.15258572612640245,0.2886394973621116,0.13605377123570914
907,0.1524959423523379,0.2886367140489843,0.13614077169664637
908,0.15241354442748933,0.28864532713860747,0.13623178271111813
909,0.15233107985552508,0.2885882685210202,0.13625718866549513
910,0.1522339393343789,0.28857899059462067,0.13634505126024177
911,0.15214044116508416,0.28858889877881627,0.13644845761373212
912,0.15204553795732084,0.28859002817797264,0.1365444902206518
913,0.15195300209724644,0.2885642350426111,0.13661123294536465
914,0.15187565000666944,0.2885758838124796,0.13670023380581017
915,0.15177609173418613,0.28857393918062496,0.13679784744643883
916,0.15167646813938596,0.28858846742622646,0.1369119992868405
917,0.1515599721120128,0.28860169370478367,0.13704172159277087
918,0.15145879032652598,0.2886038598929788,0.13714506956645284
919,0.15136311508121558,0.2886177854253322,0.1372546703441166
920,0.1512544659807791,0.28861869348191105,0.13736422750113195
921,0.1511510854051622,0.28862120259730767,0.13747011719214547
922,0.1510694260830439,0.28857526567138275,0.13750583958833884
923,0.15097401625681595,0.2886061621051663,0.13763214584835037
924,0.15089409726584413,0.28863914212972075,0.13774504486387662
925,0.1508223034369547,0.2886184307774721,0.1377961273405174
926,0.1507465710395668,0.2886547440494907,0.13790817300992392
927,0.15067266273083535,0.2886363593558488,0.13796369662501345
928,0.15056658115532703,0.2886381841774852,0.13807160302215818
929,0.15048261074513206,0.28862355617343016,0.1381409454282981
930,0.15041107721972416,0.28863377649445987,0.1382226992747357
931,0.15031601919617588,0.2886527696874229,0.13833675049124705
932,0.15023031955605526,0.2886619819626867,0.13843166240663146
933,0.15013692691192446,0.2886577177080191,0.13852079079609467
934,0.15003904729197365,0.2886665960231515,0.13862754873117783
935,0.1499568987851474,0.2886821069472738,0.1387252081621264
936,0.14987270004949618,0.2886524960121627,0.1387797959626665
937,0.1497776689916629,0.2886848728659535,0.13890720387429062
938,0.14966894710655493,0.28868552308655027,0.13901657597999534
939,0.1496075951783102,0.2886891726938334,0.13908157751552316
940,0.1495140044493511,0.2886711762611191,0.139157171811768
941,0.14943621347492295,0.28865867988389365,0.1392224664089707
942,0.14935326435564408,0.2886029719542215,0.13924970759857744
943,0.1492493953809987,0.2886417313189597,0.139392335937961
944,0.14913981721473388,0.2886515250153508,0.13951170780061692
945,0.14904988941594235,0.2886561514125774,0.13960626199663503
946,0.14898019860314593,0.28867599961971907,0.13969580101657314
947,0.1489115884040773,0.288729266751224,0.1398176783471467
948,0.1488062410071928,0.2887280245901158,0.139921783582923
949,0.14872659862295048,0.2887039148939631,0.1399773162710126
950,0.14863285676432272,0.28868131839450273,0.14004846163018
951,0.14857891862164266,0.2886768283240924,0.14009790970244976
952,0.14843782861561042,0.28867099372273414,0.14023316510712372
953,0.14834594887116828,0.288671511440499,0.14032556256933074
954,0.14822531411271628,0.28868112758882664,0.14045581347611036
955,0.14817118108958602,0.2886797619616339,0.1405085808720479
956,0.1480611992537143,0.2886859655612339,0.14062476630751958
957,0.14798325794120282,0.28870447100813695,0.14072121306693414
958,0.1478964745544068,0.28874395185596213,0.14084747730155533
959,0.1478176480484347,0.2887427149091508,0.14092506686071612
960,0.14770830550641828,0.28879769420661805,0.14108938870019977
961,0.14762076028716348,0.28880669686903226,0.1411859365818688
962,0.14750311722484893,0.2888098633124152,0.14130674608756627
963,0.14740202586887519,0.28885280122555673,0.14145077535668155
964,0.14732364561912634,0.2888721588054291,0.14154851318630277
965,0.14721021951316768,0.2888730272896358,0.14166280777646814
966,0.14711986128521015,0.2888723809244394,0.14175251963922925
967,0.14705093813069595,0.2888663076932947,0.14181536956259874
968,0.14694429827713165,0.2888822423244043,0.14193794404727264
969,0.14685848619065395,0.2888804643178061,0.14202197812715217
970,0.14677013841095865,0.28887733024384193,0.14210719183288328
971,0.14668918329534286,0.2889265464752838,0.14223736317994096
972,0.14661515706924602,0.2888935500663072,0.14227839299706116
973,0.1465036957494645,0.2889021576899545,0.14239846194048997
974,0.14640696314316085,0.28889953110619027,0.14249256796302942
975,0.1463267688914907,0.2889049106608591,0.1425781417693684
976,0.14627455514133753,0.2889054057157287,0.14263085057439118
977,0.14620257999530706,0.28890250131717743,0.14269992132187037
978,0.14609444030848925,0.28889739208289256,0.1428029517744033
979,0.1460134245813363,0.2889091045841885,0.14289568000285222
980,0.14591726762448737,0.28894260131834165,0.14302533369385428
981,0.145857356549592,0.28894833566631606,0.14309097911672405
982,0.14578526146684911,0.28893529335277435,0.14315003188592523
983,0.14570721798832212,0.28899055113429445,0.14328333314597233
984,0.14560896619742833,0.28898139720145444,0.1433724310040261
985,0.1455000393639166,0.2889765230843634,0.1434764837204468
986,0.14541357955564288,0.2889936193413696,0.1435800397857267
987,0.14534695391092084,0.28901050254940586,0.14366354863848502
988,0.14526065825421783,0.2890067755215407,0.14374611726732286
989,0.14516093402898936,0.2890110891026312,0.14385015507364182
990,0.1450845915160885,0.289016552884526,0.1439319613684375
991,0.1450102326001251,0.2889734778509114,0.14396324525078627
992,0.14492705548678106,0.2889989926271128,0.14407193714033176
993,0.14483460588205052,0.2890024344547534,0.14416782857270286
994,0.14476725714643215,0.2890164794597705,0.14424922231333834
995,0.14468450631185106,0.28902027820886783,0.14433577189701677
996,0.14461260915075733,0.28901393120168095,0.14440132205092363
997,0.14452141142114433,0.2890289706257436,0.1445075592045993
998,0.14445043953563164,0.28901563811220554,0.1445651985765739
999,0.14437104631074457,0.2890393595962975,0.14466831328555294
1000,0.14429809038209876,0.28903999331023117,0.1447419029281324
